-- MySQL dump 10.13  Distrib 8.0.29, for Win64 (x86_64)
--
-- Host: localhost    Database: new_schema
-- ------------------------------------------------------
-- Server version	5.7.37-log

/*!40101 SET @OLD_CHARACTER_SET_CLIENT=@@CHARACTER_SET_CLIENT */;
/*!40101 SET @OLD_CHARACTER_SET_RESULTS=@@CHARACTER_SET_RESULTS */;
/*!40101 SET @OLD_COLLATION_CONNECTION=@@COLLATION_CONNECTION */;
/*!50503 SET NAMES utf8 */;
/*!40103 SET @OLD_TIME_ZONE=@@TIME_ZONE */;
/*!40103 SET TIME_ZONE='+00:00' */;
/*!40014 SET @OLD_UNIQUE_CHECKS=@@UNIQUE_CHECKS, UNIQUE_CHECKS=0 */;
/*!40014 SET @OLD_FOREIGN_KEY_CHECKS=@@FOREIGN_KEY_CHECKS, FOREIGN_KEY_CHECKS=0 */;
/*!40101 SET @OLD_SQL_MODE=@@SQL_MODE, SQL_MODE='NO_AUTO_VALUE_ON_ZERO' */;
/*!40111 SET @OLD_SQL_NOTES=@@SQL_NOTES, SQL_NOTES=0 */;

--
-- Table structure for table `bull`
--

DROP TABLE IF EXISTS `bull`;
/*!40101 SET @saved_cs_client     = @@character_set_client */;
/*!50503 SET character_set_client = utf8mb4 */;
CREATE TABLE `bull` (
  `bull` int(11) NOT NULL,
  `pasture` varchar(1) DEFAULT NULL,
  PRIMARY KEY (`bull`)
) ENGINE=InnoDB DEFAULT CHARSET=latin1;
/*!40101 SET character_set_client = @saved_cs_client */;

--
-- Dumping data for table `bull`
--

LOCK TABLES `bull` WRITE;
/*!40000 ALTER TABLE `bull` DISABLE KEYS */;
INSERT INTO `bull` VALUES (550564,'H'),(61846725,'S'),(72228103,'N');
/*!40000 ALTER TABLE `bull` ENABLE KEYS */;
UNLOCK TABLES;

--
-- Table structure for table `calf`
--

DROP TABLE IF EXISTS `calf`;
/*!40101 SET @saved_cs_client     = @@character_set_client */;
/*!50503 SET character_set_client = utf8mb4 */;
CREATE TABLE `calf` (
  `cow_conf` int(11) NOT NULL,
  `wean_weight` int(5) DEFAULT NULL,
  `sale_weight` int(5) DEFAULT NULL,
  PRIMARY KEY (`cow_conf`)
) ENGINE=InnoDB DEFAULT CHARSET=latin1;
/*!40101 SET character_set_client = @saved_cs_client */;

--
-- Dumping data for table `calf`
--

LOCK TABLES `calf` WRITE;
/*!40000 ALTER TABLE `calf` DISABLE KEYS */;
INSERT INTO `calf` VALUES (4,640,686),(6,610,670),(40,580,620),(71,520,570),(77,640,710),(91,640,707),(120,610,642),(140,510,551),(141,600,641),(160,510,575),(170,580,647),(180,480,616),(190,540,592),(200,370,482),(210,580,690),(211,640,903),(221,470,578),(266,640,630),(291,620,684),(301,0,0),(311,580,656),(327,630,655),(333,560,611),(336,490,612),(340,530,544),(342,680,692),(349,640,654),(350,610,634),(353,610,651),(356,530,578),(364,640,686),(381,600,671),(383,620,662),(437,670,664),(450,610,683),(457,590,636),(467,640,710),(471,630,674),(480,660,722),(486,640,667),(510,650,679),(518,480,636),(526,530,605),(529,550,600),(539,580,611),(550,520,554),(555,520,694),(558,660,757),(570,530,584),(574,540,606),(590,540,577),(599,590,620),(605,680,724),(659,500,544),(668,550,589),(673,560,624),(698,490,563),(702,490,595),(707,550,642),(709,550,605),(713,550,643),(730,560,724),(738,510,614),(745,440,516),(777,420,577),(779,580,680),(787,530,570),(813,550,643),(823,540,665),(828,520,634),(831,440,543),(835,500,590),(843,530,635),(846,520,604),(861,480,602),(863,520,631),(880,400,485),(882,510,598),(892,480,578),(1308,570,677),(1316,610,648),(2010,470,583),(3020,650,675),(3570,510,616),(3690,0,0),(4060,590,613),(4070,600,671);
/*!40000 ALTER TABLE `calf` ENABLE KEYS */;
UNLOCK TABLES;

--
-- Table structure for table `calf_life`
--

DROP TABLE IF EXISTS `calf_life`;
/*!40101 SET @saved_cs_client     = @@character_set_client */;
/*!50503 SET character_set_client = utf8mb4 */;
CREATE TABLE `calf_life` (
  `cow` int(11) NOT NULL,
  `calf` varchar(20) DEFAULT NULL,
  `sire` int(11) DEFAULT NULL,
  `birth_date` date DEFAULT NULL,
  `birth_weight` int(11) DEFAULT NULL,
  `sex` varchar(1) DEFAULT NULL,
  `wean_weight` int(5) DEFAULT NULL,
  `sale_weight` int(5) DEFAULT NULL
) ENGINE=InnoDB DEFAULT CHARSET=latin1;
/*!40101 SET character_set_client = @saved_cs_client */;

--
-- Dumping data for table `calf_life`
--

LOCK TABLES `calf_life` WRITE;
/*!40000 ALTER TABLE `calf_life` DISABLE KEYS */;
INSERT INTO `calf_life` VALUES (4,'4c',61846725,'2021-04-11',98,'B',640,686),(6,'006c',72228103,'2021-04-15',81,'H',610,670),(40,'040c',61846725,'2021-04-10',68,'H',580,620),(71,'071c',61846725,'2021-04-16',82,'H',520,570),(77,'077c',72228103,'2021-04-18',88,'B',640,710),(91,'091c',72228103,'2021-04-17',80,'B',640,707),(120,'120c',72228103,'2021-04-07',93,'B',610,642),(140,'140c',72228103,'2021-04-13',85,'H',510,551),(141,'141c',61846725,'2021-04-10',86,'H',600,641),(160,'160c',72228103,'2021-04-08',79,'H',510,575),(180,'180c',72228103,'2021-05-07',90,'H',480,616),(190,'190c',72228103,'2021-04-02',72,'H',540,592),(200,'200c',550564,'2021-04-29',76,'H',370,482),(210,'210c',550564,'2021-04-16',90,'H',580,690),(211,'211c',61846725,'2021-04-16',86,'H',640,903),(221,'221c',550564,'2021-04-18',92,'B',470,578),(266,'266c',61846725,'2021-04-12',95,'B',640,630),(291,'291c',61846725,'2021-04-17',87,'B',620,684),(301,NULL,61846275,NULL,NULL,NULL,0,0),(311,'311c',61846725,'2021-04-22',76,'H',580,656),(327,'327c',61846725,'2021-04-04',76,'H',630,655),(333,'333c',61846725,'2021-04-15',86,'H',560,611),(336,'336c',72228103,'2021-05-13',74,'H',490,612),(340,'340c',61846725,'2021-04-01',67,'H',530,544),(342,'342c',61846725,'2021-03-30',92,'B',680,692),(349,'349c',61846725,'2021-03-31',85,'H',640,654),(350,'350c',61846725,'2021-04-04',90,'B',610,634),(353,'353c',61846725,'2021-04-10',86,'B',610,651),(356,'356c',72228103,'2021-04-15',86,'B',530,578),(364,'364c',61846725,'2021-04-11',93,'B',640,686),(381,'381c',61846725,'2021-04-20',88,'B',600,671),(383,'383c',61846725,'2021-04-10',93,'B',620,662),(437,'437c',61846725,'2021-03-24',74,'B',670,664),(450,'450c',61846725,'2021-04-20',88,'B',610,683),(457,'457c',61846725,'2021-04-12',79,'H',590,636),(467,'467c',61846725,'2021-04-18',85,'H',640,710),(471,'471c',61846725,'2021-04-10',75,'H',630,674),(480,'480c',61846725,'2021-04-15',87,'H',660,722),(486,'486c',61846725,'2021-04-04',79,'H',640,667),(510,'510c',61846725,'2021-04-05',88,'B',650,679),(518,'518c',61846725,'2021-05-23',84,'H',480,636),(526,'526c',61846725,'2021-04-24',74,'H',530,605),(529,'529c',61846725,'2021-04-15',85,'H',550,600),(539,'539c',61846725,'2021-04-07',88,'H',580,611),(550,'550c',61846725,'2021-04-10',94,'B',520,554),(555,'555c',61846725,'2021-05-25',100,'B',520,694),(558,'558c',61846725,'2021-04-25',92,'B',660,757),(570,'570c',72228103,'2021-04-17',78,'H',530,584),(574,'574c',72228103,'2021-04-20',64,'B',540,606),(590,'590c',72228103,'2021-04-10',71,'H',540,577),(599,'599c',72228103,'2021-04-06',79,'H',590,620),(605,'605c',72228103,'2021-04-03',86,'B',680,724),(659,'659c',72228103,'2021-04-07',84,'H',500,544),(668,'668c',72228103,'2021-04-03',78,'B',550,589),(673,'673c',72228103,'2021-04-13',78,'H',560,624),(698,'698c',72228103,'2021-04-19',92,'B',490,563),(702,'702c',72228103,'2021-04-23',80,'B',490,595),(707,'707c',72228103,'2021-04-16',94,'B',550,642),(709,'709c',72228103,'2021-04-03',86,'H',550,605),(730,'730c',72228103,'2021-05-08',93,'B',560,724),(738,'738c',72228103,'2021-04-23',79,'H',510,614),(745,'745c',72228103,'2021-04-15',71,'H',440,516),(777,'777c',72228103,'2021-05-19',92,'B',420,577),(779,'779c',72228103,'2021-04-17',81,'B',580,680),(787,'787c',72228103,'2021-04-04',89,'B',530,570),(813,'813c',550564,'2021-04-09',100,'B',550,643),(823,'823c',550564,'2021-04-21',83,'B',540,665),(828,'828c',550564,'2021-04-18',90,'B',520,634),(831,'831c',550564,'2021-04-19',68,'H',440,543),(835,'835c',550564,'2021-04-11',76,'H',500,590),(843,'843c',550564,'2021-04-14',90,'B',530,635),(846,'846c',550564,'2021-04-08',72,'H',520,604),(861,'861c',550564,'2021-04-25',83,'H',480,602),(863,'863c',550564,'2021-04-17',94,'B',520,631),(880,'880c',72228103,'2021-05-08',79,'H',400,485),(882,'882c',550564,'2021-04-10',69,'H',510,598),(892,'892c',550564,'2021-04-13',90,'B',480,578),(1308,'1308c',61846725,'2021-05-01',69,'B',570,677),(1316,'1316c',72228103,'2021-04-09',95,'B',610,648),(2010,'2010c',72228103,'2021-05-11',79,'B',470,583),(3020,'3020c',72228103,'2021-04-04',98,'H',650,675),(3570,'3570c',72228103,'2021-05-06',87,'B',510,616),(3690,NULL,72228103,NULL,NULL,NULL,0,0),(4060,'4060c',72228103,'2021-04-04',86,'H',590,613),(4070,'4070c',72228103,'2021-04-20',86,'H',600,671),(4119,NULL,61846725,NULL,NULL,NULL,NULL,NULL);
/*!40000 ALTER TABLE `calf_life` ENABLE KEYS */;
UNLOCK TABLES;

--
-- Table structure for table `calf_sire_h`
--

DROP TABLE IF EXISTS `calf_sire_h`;
/*!40101 SET @saved_cs_client     = @@character_set_client */;
/*!50503 SET character_set_client = utf8mb4 */;
CREATE TABLE `calf_sire_h` (
  `calf` varchar(20) DEFAULT NULL,
  `sire` int(11) DEFAULT NULL,
  `birth_weight` int(11) DEFAULT NULL,
  `wean_weight` int(5) DEFAULT NULL,
  `sale_weight` int(5) DEFAULT NULL
) ENGINE=InnoDB DEFAULT CHARSET=latin1;
/*!40101 SET character_set_client = @saved_cs_client */;

--
-- Dumping data for table `calf_sire_h`
--

LOCK TABLES `calf_sire_h` WRITE;
/*!40000 ALTER TABLE `calf_sire_h` DISABLE KEYS */;
INSERT INTO `calf_sire_h` VALUES ('200c',550564,76,370,482),('210c',550564,90,580,690),('221c',550564,92,470,578),('813c',550564,100,550,643),('823c',550564,83,540,665),('828c',550564,90,520,634),('831c',550564,68,440,543),('835c',550564,76,500,590),('843c',550564,90,530,635),('846c',550564,72,520,604),('861c',550564,83,480,602),('863c',550564,94,520,631),('882c',550564,69,510,598),('892c',550564,90,480,578);
/*!40000 ALTER TABLE `calf_sire_h` ENABLE KEYS */;
UNLOCK TABLES;

--
-- Table structure for table `calf_sire_n`
--

DROP TABLE IF EXISTS `calf_sire_n`;
/*!40101 SET @saved_cs_client     = @@character_set_client */;
/*!50503 SET character_set_client = utf8mb4 */;
CREATE TABLE `calf_sire_n` (
  `calf` varchar(20) DEFAULT NULL,
  `sire` int(11) DEFAULT NULL,
  `birth_weight` int(11) DEFAULT NULL,
  `wean_weight` int(5) DEFAULT NULL,
  `sale_weight` int(5) DEFAULT NULL
) ENGINE=InnoDB DEFAULT CHARSET=latin1;
/*!40101 SET character_set_client = @saved_cs_client */;

--
-- Dumping data for table `calf_sire_n`
--

LOCK TABLES `calf_sire_n` WRITE;
/*!40000 ALTER TABLE `calf_sire_n` DISABLE KEYS */;
INSERT INTO `calf_sire_n` VALUES ('006c',72228103,81,610,670),('077c',72228103,88,640,710),('091c',72228103,80,640,707),('120c',72228103,93,610,642),('140c',72228103,85,510,551),('160c',72228103,79,510,575),('180c',72228103,90,480,616),('190c',72228103,72,540,592),('336c',72228103,74,490,612),('356c',72228103,86,530,578),('570c',72228103,78,530,584),('574c',72228103,64,540,606),('590c',72228103,71,540,577),('599c',72228103,79,590,620),('605c',72228103,86,680,724),('659c',72228103,84,500,544),('668c',72228103,78,550,589),('673c',72228103,78,560,624),('698c',72228103,92,490,563),('702c',72228103,80,490,595),('707c',72228103,94,550,642),('709c',72228103,86,550,605),('730c',72228103,93,560,724),('738c',72228103,79,510,614),('745c',72228103,71,440,516),('777c',72228103,92,420,577),('779c',72228103,81,580,680),('787c',72228103,89,530,570),('880c',72228103,79,400,485),('1316c',72228103,95,610,648),('2010c',72228103,79,470,583),('3020c',72228103,98,650,675),('3570c',72228103,87,510,616),(NULL,72228103,NULL,0,0),('4060c',72228103,86,590,613),('4070c',72228103,86,600,671);
/*!40000 ALTER TABLE `calf_sire_n` ENABLE KEYS */;
UNLOCK TABLES;

--
-- Table structure for table `calf_sire_s`
--

DROP TABLE IF EXISTS `calf_sire_s`;
/*!40101 SET @saved_cs_client     = @@character_set_client */;
/*!50503 SET character_set_client = utf8mb4 */;
CREATE TABLE `calf_sire_s` (
  `calf` varchar(20) DEFAULT NULL,
  `sire` int(11) DEFAULT NULL,
  `birth_weight` int(11) DEFAULT NULL,
  `wean_weight` int(5) DEFAULT NULL,
  `sale_weight` int(5) DEFAULT NULL
) ENGINE=InnoDB DEFAULT CHARSET=latin1;
/*!40101 SET character_set_client = @saved_cs_client */;

--
-- Dumping data for table `calf_sire_s`
--

LOCK TABLES `calf_sire_s` WRITE;
/*!40000 ALTER TABLE `calf_sire_s` DISABLE KEYS */;
INSERT INTO `calf_sire_s` VALUES ('4c',61846725,98,640,686),('040c',61846725,68,580,620),('071c',61846725,82,520,570),('141c',61846725,86,600,641),('211c',61846725,86,640,903),('266c',61846725,95,640,630),('291c',61846725,87,620,684),('311c',61846725,76,580,656),('327c',61846725,76,630,655),('333c',61846725,86,560,611),('340c',61846725,67,530,544),('342c',61846725,92,680,692),('349c',61846725,85,640,654),('350c',61846725,90,610,634),('353c',61846725,86,610,651),('364c',61846725,93,640,686),('381c',61846725,88,600,671),('383c',61846725,93,620,662),('437c',61846725,74,670,664),('450c',61846725,88,610,683),('457c',61846725,79,590,636),('467c',61846725,85,640,710),('471c',61846725,75,630,674),('480c',61846725,87,660,722),('486c',61846725,79,640,667),('510c',61846725,88,650,679),('518c',61846725,84,480,636),('526c',61846725,74,530,605),('529c',61846725,85,550,600),('539c',61846725,88,580,611),('550c',61846725,94,520,554),('555c',61846725,100,520,694),('558c',61846725,92,660,757),('1308c',61846725,69,570,677),(NULL,61846725,NULL,NULL,NULL);
/*!40000 ALTER TABLE `calf_sire_s` ENABLE KEYS */;
UNLOCK TABLES;

--
-- Table structure for table `cow`
--

DROP TABLE IF EXISTS `cow`;
/*!40101 SET @saved_cs_client     = @@character_set_client */;
/*!50503 SET character_set_client = utf8mb4 */;
CREATE TABLE `cow` (
  `cow` int(11) NOT NULL,
  `calf` varchar(20) DEFAULT NULL,
  `sire` int(11) DEFAULT NULL,
  `birth_date` date DEFAULT NULL,
  `birth_weight` int(11) DEFAULT NULL,
  `sex` varchar(1) DEFAULT NULL,
  PRIMARY KEY (`cow`)
) ENGINE=InnoDB DEFAULT CHARSET=latin1;
/*!40101 SET character_set_client = @saved_cs_client */;

--
-- Dumping data for table `cow`
--

LOCK TABLES `cow` WRITE;
/*!40000 ALTER TABLE `cow` DISABLE KEYS */;
INSERT INTO `cow` VALUES (4,'4c',61846725,'2021-04-11',98,'B'),(6,'006c',72228103,'2021-04-15',81,'H'),(40,'040c',61846725,'2021-04-10',68,'H'),(71,'071c',61846725,'2021-04-16',82,'H'),(77,'077c',72228103,'2021-04-18',88,'B'),(91,'091c',72228103,'2021-04-17',80,'B'),(120,'120c',72228103,'2021-04-07',93,'B'),(140,'140c',72228103,'2021-04-13',85,'H'),(141,'141c',61846725,'2021-04-10',86,'H'),(160,'160c',72228103,'2021-04-08',79,'H'),(180,'180c',72228103,'2021-05-07',90,'H'),(190,'190c',72228103,'2021-04-02',72,'H'),(200,'200c',550564,'2021-04-29',76,'H'),(210,'210c',550564,'2021-04-16',90,'H'),(211,'211c',61846725,'2021-04-16',86,'H'),(221,'221c',550564,'2021-04-18',92,'B'),(266,'266c',61846725,'2021-04-12',95,'B'),(291,'291c',61846725,'2021-04-17',87,'B'),(301,'deceased',61846725,'2021-04-05',NULL,NULL),(311,'311c',61846725,'2021-04-22',76,'H'),(327,'327c',61846725,'2021-04-04',76,'H'),(333,'333c',61846725,'2021-04-15',86,'H'),(336,'336c',72228103,'2021-05-13',74,'H'),(340,'340c',61846725,'2021-04-01',67,'H'),(342,'342c',61846725,'2021-03-30',92,'B'),(349,'349c',61846725,'2021-03-31',85,'H'),(350,'350c',61846725,'2021-04-04',90,'B'),(353,'353c',61846725,'2021-04-10',86,'B'),(356,'356c',72228103,'2021-04-15',86,'B'),(364,'364c',61846725,'2021-04-11',93,'B'),(381,'381c',61846725,'2021-04-20',88,'B'),(383,'383c',61846725,'2021-04-10',93,'B'),(437,'437c',61846725,'2021-03-24',74,'B'),(450,'450c',61846725,'2021-04-20',88,'B'),(457,'457c',61846725,'2021-04-12',79,'H'),(467,'467c',61846725,'2021-04-18',85,'H'),(471,'471c',61846725,'2021-04-10',75,'H'),(480,'480c',61846725,'2021-04-15',87,'H'),(486,'486c',61846725,'2021-04-04',79,'H'),(510,'510c',61846725,'2021-04-05',88,'B'),(518,'518c',61846725,'2021-05-23',84,'H'),(526,'526c',61846725,'2021-04-24',74,'H'),(529,'529c',61846725,'2021-04-15',85,'H'),(539,'539c',61846725,'2021-04-07',88,'H'),(550,'550c',61846725,'2021-04-10',94,'B'),(555,'555c',61846725,'2021-05-25',100,'B'),(558,'558c',61846725,'2021-04-25',92,'B'),(570,'570c',72228103,'2021-04-17',78,'H'),(574,'574c',72228103,'2021-04-20',64,'B'),(590,'590c',72228103,'2021-04-10',71,'H'),(599,'599c',72228103,'2021-04-06',79,'H'),(605,'605c',72228103,'2021-04-03',86,'B'),(659,'659c',72228103,'2021-04-07',84,'H'),(668,'668c',72228103,'2021-04-03',78,'B'),(673,'673c',72228103,'2021-04-13',78,'H'),(698,'698c',72228103,'2021-04-19',92,'B'),(702,'702c',72228103,'2021-04-23',80,'B'),(707,'707c',72228103,'2021-04-16',94,'B'),(709,'709c',72228103,'2021-04-03',86,'H'),(730,'730c',72228103,'2021-05-08',93,'B'),(738,'738c',72228103,'2021-04-23',79,'H'),(745,'745c',72228103,'2021-04-15',71,'H'),(777,'777c',72228103,'2021-05-19',92,'B'),(779,'779c',72228103,'2021-04-17',81,'B'),(787,'787c',72228103,'2021-04-04',89,'B'),(813,'813c',550564,'2021-04-09',100,'B'),(823,'823c',550564,'2021-04-21',83,'B'),(828,'828c',550564,'2021-04-18',90,'B'),(831,'831c',550564,'2021-04-19',68,'H'),(835,'835c',550564,'2021-04-11',76,'H'),(843,'843c',550564,'2021-04-14',90,'B'),(846,'846c',550564,'2021-04-08',72,'H'),(861,'861c',550564,'2021-04-25',83,'H'),(863,'863c',550564,'2021-04-17',94,'B'),(880,'880c',72228103,'2021-05-08',79,'H'),(882,'882c',550564,'2021-04-10',69,'H'),(892,'892c',550564,'2021-04-13',90,'B'),(1308,'1308c',61846725,'2021-05-01',69,'B'),(1316,'1316c',72228103,'2021-04-09',95,'B'),(2010,'2010c',72228103,'2021-05-11',79,'B'),(3020,'3020c',72228103,'2021-04-04',98,'H'),(3570,'3570c',72228103,'2021-05-06',87,'B'),(3690,'deceased',72228103,'2021-04-02',NULL,NULL),(4060,'4060c',72228103,'2021-04-04',86,'H'),(4070,'4070c',72228103,'2021-04-20',86,'H'),(4119,'deceased',61846725,'2021-04-02',NULL,NULL);
/*!40000 ALTER TABLE `cow` ENABLE KEYS */;
UNLOCK TABLES;

--
-- Table structure for table `sire_average`
--

DROP TABLE IF EXISTS `sire_average`;
/*!40101 SET @saved_cs_client     = @@character_set_client */;
/*!50503 SET character_set_client = utf8mb4 */;
CREATE TABLE `sire_average` (
  `sire` int(11) DEFAULT NULL,
  `AVG(calf_sire_n.birth_weight)` decimal(14,4) DEFAULT NULL,
  `AVG(calf_sire_n.wean_weight)` decimal(14,4) DEFAULT NULL,
  `AVG(calf_sire_n.sale_weight)` decimal(14,4) DEFAULT NULL
) ENGINE=InnoDB DEFAULT CHARSET=latin1;
/*!40101 SET character_set_client = @saved_cs_client */;

--
-- Dumping data for table `sire_average`
--

LOCK TABLES `sire_average` WRITE;
/*!40000 ALTER TABLE `sire_average` DISABLE KEYS */;
INSERT INTO `sire_average` VALUES (72228103,83.2286,527.7778,597.1667),(61846725,84.5588,601.1765,659.3824),(550564,83.7857,500.7143,605.2143),(550564,83.7857,500.7143,605.2143);
/*!40000 ALTER TABLE `sire_average` ENABLE KEYS */;
UNLOCK TABLES;

--
-- Table structure for table `sire_n_average`
--

DROP TABLE IF EXISTS `sire_n_average`;
/*!40101 SET @saved_cs_client     = @@character_set_client */;
/*!50503 SET character_set_client = utf8mb4 */;
CREATE TABLE `sire_n_average` (
  `sire` int(11) DEFAULT NULL,
  `AVG(calf_sire_n.birth_weight)` decimal(14,4) DEFAULT NULL,
  `AVG(calf_sire_n.wean_weight)` decimal(14,4) DEFAULT NULL,
  `AVG(calf_sire_n.sale_weight)` decimal(14,4) DEFAULT NULL
) ENGINE=InnoDB DEFAULT CHARSET=latin1;
/*!40101 SET character_set_client = @saved_cs_client */;

--
-- Dumping data for table `sire_n_average`
--

LOCK TABLES `sire_n_average` WRITE;
/*!40000 ALTER TABLE `sire_n_average` DISABLE KEYS */;
INSERT INTO `sire_n_average` VALUES (72228103,83.2286,527.7778,597.1667);
/*!40000 ALTER TABLE `sire_n_average` ENABLE KEYS */;
UNLOCK TABLES;
/*!40103 SET TIME_ZONE=@OLD_TIME_ZONE */;

/*!40101 SET SQL_MODE=@OLD_SQL_MODE */;
/*!40014 SET FOREIGN_KEY_CHECKS=@OLD_FOREIGN_KEY_CHECKS */;
/*!40014 SET UNIQUE_CHECKS=@OLD_UNIQUE_CHECKS */;
/*!40101 SET CHARACTER_SET_CLIENT=@OLD_CHARACTER_SET_CLIENT */;
/*!40101 SET CHARACTER_SET_RESULTS=@OLD_CHARACTER_SET_RESULTS */;
/*!40101 SET COLLATION_CONNECTION=@OLD_COLLATION_CONNECTION */;
/*!40111 SET SQL_NOTES=@OLD_SQL_NOTES */;

-- Dump completed on 2022-05-20 19:32:29
